{"cameraMode":{"drawMode":0,"name":"Shaded","section":"Shading Mode"},"sceneLighting":true,"audioPlay":false,"sceneViewState":{"m_AlwaysRefresh":false,"showFog":true,"showSkybox":true,"showFlares":true,"showImageEffects":true,"showParticleSystems":true,"showVisualEffectGraphs":true,"m_FxEnabled":true},"in2DMode":false,"pivot":{"x":19.848176956176759,"y":4.130037307739258,"z":15.209613800048829},"rotation":{"x":-0.030184796079993249,"y":-0.4498697817325592,"z":0.015216169878840447,"w":-0.8924678564071655},"size":19.657846450805665,"orthographic":false}