{"cameraMode":{"drawMode":0,"name":"Shaded","section":"Shading Mode"},"sceneLighting":true,"audioPlay":false,"sceneViewState":{"m_AlwaysRefresh":false,"showFog":true,"showSkybox":true,"showFlares":true,"showImageEffects":true,"showParticleSystems":true,"showVisualEffectGraphs":true,"m_FxEnabled":true},"in2DMode":false,"pivot":{"x":0.4959862232208252,"y":-3.4945406913757326,"z":16.2230167388916},"rotation":{"x":-0.11549840122461319,"y":-0.030194822698831559,"z":0.003512251190841198,"w":-0.9928522706031799},"size":10.468208312988282,"orthographic":false}